ランク,チャンネル名,動画数,合計再生回数,平均再生回数
1,TOHO animation チャンネル,179,1166196599,6515064.798882682
2,アニプレックス チャンネル,319,627545452,1967227.1222570534
3,MAPPA CHANNEL,50,413199246,8263984.92
4,KADOKAWAanime,331,268541471,811303.5377643504
5,ぽにきゃん-Anime PONY CANYON,118,268342491,2274088.906779661
6,TVアニメ【推しの子】公式チャンネル,6,159386568,26564428.0
7,プリキュア公式YouTubeチャンネル,27,117474557,4350909.518518519
8,ONE PIECE公式YouTubeチャンネル,14,113680906,8120064.714285715
9,【フジテレビ】アニメ公式チャンネル,58,111705694,1925960.2413793104
10,Warner Bros. Japan Anime,56,97695022,1744553.9642857143
11,Netflix Anime,64,90356963,1411827.546875
12,TMSアニメ公式チャンネル,64,84850866,1325794.78125
13,「KING AMUSEMENT CREATIVE」公式チャンネル,116,78388480,675762.7586206896
14,TVアニメ『東京リベンジャーズ』チャンネル,8,75370864,9421358.0
15,TWIN ENGINE,23,71428564,3105589.7391304346
16,TBSアニメ,39,67767926,1737639.1282051282
17,バンダイナムコフィルムワークス チャンネル,82,67101850,818315.243902439
18,NBCUniversal Anime/Music,119,61138198,513766.3697478992
19,MBS animation 公式チャンネル,38,58424912,1537497.6842105263
20,ShoProアニメチャンネル,36,54344466,1509568.5
21,Kenshi Yonezu  米津玄師,1,53820909,53820909.0
22,avex pictures,47,46453690,988376.3829787234
23,Crunchyroll,4,41779880,10444970.0
24,ポケモン公式YouTubeチャンネル,18,38387360,2132631.111111111
25,DMM pictures,75,35769227,476923.0266666667
26,ガンダムチャンネル,8,35592858,4449107.25
27,ぱかチューブっ!【ウマ娘公式】,21,34061403,1621971.5714285714
28,tv asahi  animation YouTubeチャンネル,20,30864065,1543203.25
29,vizmedia,5,29755797,5951159.4
30,東映アニメーション公式YouTubeチャンネル,24,28653770,1193907.0833333333
31,isekai channel @バンダイナムコフィルムワークス,39,24953223,639826.2307692308
32,炎炎ノ消防隊,9,24130765,2681196.111111111
33,【公式】ロシデレチャンネル,13,23567483,1812883.3076923077
34,SHOCHIKU animeチャンネル【公式】,30,23109908,770330.2666666667
35,(Love Live! series)ラブライブ！シリーズ公式チャンネル,14,23065788,1647556.2857142857
36,スカパー・ピクチャーズ チャンネル,7,22831243,3261606.1428571427
37,アニメ『メダリスト』公式チャンネル,4,21847876,5461969.0
38,【アニメ】クレヨンしんちゃん公式チャンネル,3,19828106,6609368.666666667
39,Asmik Ace,29,19205741,662266.9310344828
40,ウィッチウォッチ【TVアニメ公式】,8,15640328,1955041.0
41,ハピネット【アニメ公式】,46,15228216,331048.17391304346
42,とあるプロジェクト公式toaru.project,4,14733662,3683415.5
43,TVアニメ「シャングリラ・フロンティア」公式,9,14564062,1618229.111111111
44,Sony Music (Japan),13,14328750,1102211.5384615385
45,『BLEACH』アニメ公式チャンネル,16,14288338,893021.125
46,FURYU Pictures Channel,14,13347697,953406.9285714285
47,「Re:ゼロから始める異世界生活」チャンネル【公式】,4,13261034,3315258.5
48,アニメ「魔入りました!入間くん」公式Anime OFFICIAL,9,12636544,1404060.4444444445
49,オーバーラップチャンネル,20,12489111,624455.55
50,ベイチューブ | BEYBLADE Channel,10,12213558,1221355.8
51,TVアニメ「キングダム」公式YouTube Channel,12,11870650,989220.8333333334
52,Ado,1,11266174,11266174.0
53,LEVEL5ch【公式】,6,11031548,1838591.3333333333
54,【アニメ】名探偵コナン公式,22,10767908,489450.36363636365
55,Cygamesアニメすきすき,9,10735004,1192778.2222222222
56,MBS公式,12,10623254,885271.1666666666
57,Da-iCE,1,10439053,10439053.0
58,GREE Entertainment ANIME & GAME【公式】,18,9856828,547601.5555555555
59,日活アニメチャンネル,27,9746149,360968.48148148146
60,ブルーアーカイブ-Blue Archive-,2,9610388,4805194.0
61,バンドリちゃんねる☆,21,9342833,444896.8095238095
62,VAP Official,21,8957995,426571.1904761905
63,TVアニメ『2.5次元の誘惑』公式チャンネル,5,8759443,1751888.6
64,Netflix Japan,11,8557104,777918.5454545454
65,P丸様。,1,8053440,8053440.0
66,TVアニメ『ヤニねこ』公式【ハメちゃんねる】,4,7615403,1903850.75
67,ガールズバンドクライ,2,7206365,3603182.5
68,ABC Animation Channel,34,7188078,211414.0588235294
69,【公式】ドラえもん / 藤子・F・不二雄チャンネル,11,7146216,649656.0
70,Netflix,1,6977097,6977097.0
71,ヴァンガードチャンネル【アニメ「Divinez 幻真星戦編」配信中!!】,40,6631052,165776.3
72,京アニチャンネル,18,6461257,358958.72222222225
73,ジャンプチャンネル,4,6180460,1545115.0
74,【ytv animation】読売テレビ アニメ公式,21,6115795,291228.3333333333
75,mediafactory,2,5953142,2976571.0
76,シンカリオンTV,13,5948668,457589.8461538461
77,sailormoon-official,2,5919354,2959677.0
78,FRONTIERWORKS,13,5675686,436591.23076923075
79,アニメ「多聞くん今どっち!?」公式,3,5577426,1859142.0
80,【公式】HJ文庫・HJノベルス・コミックファイア,12,5387061,448921.75
81,アニメ「シャドウバース」公式チャンネル,12,5381843,448486.9166666667
82,MTHOFFICIAL,1,5213649,5213649.0
83,“GACHIAKUTA” Anime Official Channel,4,4944097,1236024.25
84,ブシロード公式チャンネル,9,4650393,516710.3333333333
85,プリンセスコネクト!Re:Dive チャンネル,4,4617298,1154324.5
86,西川貴教,1,4420762,4420762.0
87,レトベア Official / RetBear,2,4252796,2126398.0
88,アークナイツ 公式チャンネル,8,4098571,512321.375
89,【公式】アイプリちゅ〜ぶ,10,4042641,404264.1
90,『桃源暗鬼』プロジェクト公式チャンネル,4,4016989,1004247.25
91,ウルトラマン公式 ULTRAMAN OFFICIAL by TSUBURAYA PROD.,6,3922346,653724.3333333334
92,TVアニメ『ぬきたし THE ANIMATION』公式,2,3826770,1913385.0
93,キン肉マン 公式チャンネル,4,3788747,947186.75
94,アイドルマスターチャンネル,17,3630418,213554.0
95,CyberAgent ANIME,9,3503287,389254.1111111111
96,Cygames公式チャンネル,2,3492856,1746428.0
97,アニメ 音楽 2.5次元舞台 - マーベラス公式チャンネル,4,3459852,864963.0
98,妖怪ウォッチ 公式チャンネル 妖Tube,8,3259236,407404.5
99,【公式】BN Picturesチャンネル,9,3229457,358828.55555555556
100,Ghost in the Shell Official Channel,2,3191590,1595795.0
101,TVアニメ「弱キャラ友崎くん」公式チャンネル,1,3159021,3159021.0
102,オタクに優しいギャルはいない!?,2,3045165,1522582.5
103,It's Anime powered by REMOW,8,3025686,378210.75
104,Warner Music Japan,4,3024411,756102.75
105,東宝MOVIEチャンネル,1,2997007,2997007.0
106,コードギアスチャンネル CODEGEASS Channel,8,2972909,371613.625
107,株式会社インフィニット,14,2922182,208727.2857142857
108,TVアニメ「MFゴースト」公式,6,2887926,481321.0
109,アサルトリリィプロジェクト公式チャンネル,6,2782642,463773.6666666667
110,ごちうさ公式チャンネル/ご注文はうさぎですか?,2,2774978,1387489.0
111,TVアニメ『阿波連さんははかれない』公式チャンネル,5,2771075,554215.0
112,フル☆アニメTV,11,2728123,248011.18181818182
113,【公式】邪神ちゃんねる【切り抜きOK】,6,2715202,452533.6666666667
114,MONKEY MAJIK OFFICIAL CHANNEL,1,2561634,2561634.0
115,メテオ・ポラリス公式チャンネル,4,2552628,638157.0
116,日本コロムビア 公式YouTubeチャンネル,18,2550715,141706.38888888888
117,スライム倒して300年、知らないうちにレベルMAXになってました,5,2513073,502614.6
118,THE ORAL CIGARETTES,2,2485181,1242590.5
119,劇場版『ゾンビランドサガ ゆめぎんがパラダイス』公式,2,2329795,1164897.5
120,TVアニメ『来世は他人がいい』,2,2317519,1158759.5
121,22/7 OFFICIAL YouTube CHANNEL,10,2297017,229701.7
122,TVアニメ「とんがり帽子のアトリエ」公式,2,2264426,1132213.0
123,『シャインポスト』公式,4,2248737,562184.25
124,アニメ『えぶりでいホスト』公式,1,2163004,2163004.0
125,TVアニメ「おそ松さん」公式,2,2160814,1080407.0
126,D4DJチャンネル,3,2105851,701950.3333333334
127,東京ミュウミュウチャンネル,4,2078853,519713.25
128,Rakuten Content Central【ANIME】,3,2058209,686069.6666666666
129,TVアニメ FAIRY TAIL 100年クエスト 公式,4,2038173,509543.25
130,土岐麻子,1,2024773,2024773.0
131,集英社DeNAプロジェクツ 公式チャンネル,5,2024037,404807.4
132,NHK ENTERPRISES Animation,4,1959211,489802.75
133,GRe4N BOYZ,2,1927594,963797.0
134,ponycanyon,1,1818006,1818006.0
135,博報堂DY ミュージック&ピクチャーズ【Showgate】ch,15,1775558,118370.53333333334
136,アニメ青のオーケストラ公式,6,1711096,285182.6666666667
137,テレ東アニメ,7,1710776,244396.57142857142
138,GOOD SMILE CHANNEL,8,1690935,211366.875
139,アリスピアch_オリジナルTVアニメ「プリンセッション・オーケストラ 」公式,11,1653901,150354.63636363635
140,『勇者のクズ』アニメ公式,5,1652199,330439.8
141,BLUE ENCOUNT Official YouTube Channel,3,1639560,546520.0
142,デジモン公式チャンネル,5,1638250,327650.0
143,TVアニメ『SANDA』公式,2,1628718,814359.0
144,Lantis Channel,3,1535983,511994.3333333333
145,オッドタクシーOfficial,2,1486933,743466.5
146,Paradox Live 公式サブチャンネル,2,1478418,739209.0
147,最強王図鑑 ~The Ultimate Tournament~【公式】,2,1477290,738645.0
148,HoneyWorks OFFICIAL,2,1466895,733447.5
149,逃走中 グレートミッション【アニメサンデー9 チャンネル】,15,1412204,94146.93333333333
150,TVアニメ『ライアー・ライアー』OFFICIAL CHANNEL,2,1409275,704637.5
151,avex,1,1353151,1353151.0
152,Hikaru Utada,1,1346679,1346679.0
153,シネマトゥデイ,2,1319240,659620.0
154,ディズニープラス,2,1317495,658747.5
155,東映特撮YouTube Official,2,1240255,620127.5
156,TVアニメ『異世界ワンターンキル姉さん』公式,3,1213685,404561.6666666667
157,タカラトミー,4,1213529,303382.25
158,San-x Channel,2,1199459,599729.5
159,DLE Channel,2,1190701,595350.5
160,TVアニメ「贄姫と獣の王」公式チャンネル,4,1147095,286773.75
161,アニメ『アン・シャーリー』公式,2,1144048,572024.0
162,公式「ケンガンアシュラ」,8,1127461,140932.625
163,TVアニメ『鎧真伝サムライトルーパー』公式,8,1111369,138921.125
164,ichijinshaPV,2,1094703,547351.5
165,アルファポリス公式,9,1058825,117647.22222222222
166,『ねこねこ日本史』公式チャンネル,9,1058013,117557.0
167,ラピスリライツ公式チャンネル,2,1038843,519421.5
168,「金装のヴェルメイユ」公式アニメチャンネル,2,1037008,518504.0
169,TVアニメ『即死チートが最強すぎて、異世界のやつらがまるで相手にならないんですが。』公式チャンネル,2,992111,496055.5
170,【公式】遊戯王ラッシュデュエルTV,3,971349,323783.0
171,アイドルランドプリパラ【公式】,1,940154,940154.0
172,IDOLY PRIDE アイドリープライド（アイプラ）,6,922709,153784.83333333334
173,Frontwing,4,893832,223458.0
174,ARGONAVIS ch.,2,893030,446515.0
175,魔法少女リリカルなのは YouTube OFFICIAL CHANNEL,2,881106,440553.0
176,サンライズ  SUNRISE Official ,2,874864,437432.0
177,アイカツ!チャンネル【公式】,4,845263,211315.75
178,ぱれっとチャンネル,2,828779,414389.5
179,【公式】ケロロチャンネル,1,799054,799054.0
180,SHOW BY ROCK!!公式チャンネル,4,785633,196408.25
181,arcsystemworks,2,767944,383972.0
182,アニメ 新テニスの王子様 オフィシャルチャンネル,3,766848,255616.0
183,赤見かるび / Karubi Akami,1,731596,731596.0
184,TVアニメ『株式会社マジルミエ』公式チャンネル,4,722129,180532.25
185,WARPs UP,1,716396,716396.0
186,ミュークルドリーミー,2,710439,355219.5
187,genco promotion,6,653847,108974.5
188,パンどろぼう / PANDOROBO【公式】,1,625961,625961.0
189,TVアニメ「空色ユーティリティ」公式YouTubeチャンネル,3,615088,205029.33333333334
190,TVアニメ「組長娘と世話係」公式,2,611553,305776.5
191,ぶらどらぶ & いちごアニメーション公式,5,602701,120540.2
192,【公式】アイドリッシュセブン 大神万理,1,556241,556241.0
193,Kyary Pamyu Pamyu ( きゃりーぱみゅぱみゅ ),3,549640,183213.33333333334
194,プリマドール公式channel,8,549390,68673.75
195,FlyingDog,2,544133,272066.5
196,TO Books.,6,520419,86736.5
197,コミックジーンチャンネル,2,514818,257409.0
198,TV anime『異世界はスマートフォンとともに。』Official,2,513138,256569.0
199,アズールレーン,2,511647,255823.5
200,銀魂チャンネル【公式】,2,508451,254225.5
201,THE CHARM PARK,1,504772,504772.0
202,TVアニメ『宇宙人ムームー』,4,504558,126139.5
203,スクウェア・エニックス,2,499258,249629.0
204,StarryCube 公式チャンネル,3,498907,166302.33333333334
205,誰ソ彼ホテル公式 ,2,492067,246033.5
206,TVアニメ「グレンダイザーU」OFFICIAL,2,489717,244858.5
207,ソニー・ピクチャーズ 公式チャンネル,2,478087,239043.5
208,アニメ『おでかけ子ザメ』チャンネル,2,473988,236994.0
209,TVアニメ『ブスに花束を。』公式,2,462591,231295.5
210,グッドスマイルフィルム,1,461811,461811.0
211,Girls² Official YouTube Channel,2,441316,220658.0
212,HIGHSPEED Étoile Official Channel,2,440088,220044.0
213,魔王様、リトライ!R公式,2,430540,215270.0
214,ジェルちゃんねる【すとぷり】,1,426648,426648.0
215,TVアニメ『終末のハーレム』公式チャンネル,2,424607,212303.5
216,CARDFIGHTVanguard,2,420218,210109.0
217,UniteUp! Official YouTube Channel,17,419946,24702.70588235294
218,デュエチューブ-DM公式-,4,417378,104344.5
219,「科学漫画サバイバル」シリーズ,2,414338,207169.0
220,金子みゆ / kaneko_miyu,2,406900,203450.0
221,ドリコムメディアチャンネル,2,405590,202795.0
222,GENIC,1,394049,394049.0
223,【公式】『夜は猫といっしょ』チャンネル,1,386854,386854.0
224,アニメ『女神「異世界転生何になりたいですか」 俺「勇者の肋骨で」』,2,380195,190097.5
225,ライブオン公式動画&切り抜き Ch.,1,379477,379477.0
226,B-PROJECT OFFICIAL CHANNEL,10,374704,37470.4
227,TOKYO MX,4,372409,93102.25
228,天霧プロダクション,2,371717,185858.5
229,GUNDAM CHANNEL INTL,2,357034,178517.0
230,REVENGER,2,346355,173177.5
231,TVアニメ「ダイヤのA」シリーズ,3,342554,114184.66666666667
232,「ぽんのみち」オリジナルTVアニメ公式チャンネル,1,339831,339831.0
233,ワタル&カケルチャンネル,3,332299,110766.33333333333
234,氷川きよし KIINA. ,1,330207,330207.0
235,鷹の爪 公式チャンネル,2,330044,165022.0
236,黄昏アウトフォーカス,2,328476,164238.0
237,草食ドラゴン,4,325829,81457.25
238,Project ANIMA チャンネル,6,324320,54053.333333333336
239,遊遊,1,317499,317499.0
240,アニメ「自動販売機に生まれ変わった俺は迷宮を彷徨う」公式,6,315026,52504.333333333336
241,Alleles Project / アリルズプロジェクト,4,311263,77815.75
242,ちゃんみな [CHANMINA],1,308924,308924.0
243,のりものまん モービルランドのカークン,1,298955,298955.0
244,TVアニメ「追放者食堂へようこそ!」公式,2,298556,149278.0
245,東映ビデオ,4,297926,74481.5
246,【トロメラチャンネル】ディーサイドトロイメライ,2,297368,148684.0
247,「虚構推理」公式,2,268710,134355.0
248,ヒーラーガールズ Official,2,267724,133862.0
249,アニメ「スプリガン」公式,1,265958,265958.0
250,大渕野々花 / ののちゃんねる,2,262943,131471.5
251,トライブナイン【公式】,2,259400,129700.0
252,宝島社公式,2,258564,129282.0
253,Helck【アニメ公式】,4,258228,64557.0
254,広瀬 香美 Official YouTube channel,1,254758,254758.0
255,TVアニメ「婚約破棄された令嬢を拾った俺が、イケナイことを教え込む」公式,2,253080,126540.0
256,「KING AMUSEMENT CREATIVE」煩悩チャンネル,6,246132,41022.0
257,ヤンジャン漫画TV【集英社ヤングジャンプ公式】,2,235583,117791.5
258,【公式】八月のシンデレラナイン（ハチナイ）,1,235005,235005.0
259,テレビアニメ「オーイ!とんぼ」公式YouTubeチャンネル,4,234044,58511.0
260,『事情を知らない転校生がグイグイくる。』TVアニメ公式,2,232006,116003.0
261,ギャガ公式チャンネル,2,230552,115276.0
262,YouTubeチャンネルプラスウルトラ,2,224967,112483.5
263,MUTEKING Official Channel,2,222808,111404.0
264,TVアニメ「この会社に好きな人がいます」公式チャンネル,2,215535,107767.5
265,ユニバチャンネル,7,212302,30328.85714285714
266,【公式】キンスレ[KING's RAID]チャンネル,3,210461,70153.66666666667
267,ポプラ社,1,210439,210439.0
268,スタジオぴえろ【公式】,2,209914,104957.0
269,「どすこいすしずもう」公式チャンネル,1,209143,209143.0
270,SHE'S Channel,1,207352,207352.0
271,Aile The Shota,1,204625,204625.0
272,TVアニメ「魔導具師ダリヤはうつむかない」公式,2,198981,99490.5
273,テクノロイド OFFICIAL CHANNEL,2,193245,96622.5
274,【モンスト】ストライクワールド公式,1,190583,190583.0
275,Opus.COLORs ,2,189909,94954.5
276,Still Watching Netflix,1,189228,189228.0
277,令和のデ・ジ・キャラット公式チャンネル,1,184261,184261.0
278,"伊藤潤二『マニアック』公式　""Junji Ito Maniac"" Official",2,182160,91080.0
279,TEMPEST,1,174851,174851.0
280,HERO'S Web公式チャンネル,2,169999,84999.5
281,CUE!,4,166668,41667.0
282,AnimationID ,7,163466,23352.285714285714
283,TVアニメ『機械じかけのマリー』,3,161939,53979.666666666664
284,UNIVERSAL MUSIC JAPAN,1,159327,159327.0
285,【公式】石森プロ,2,149640,74820.0
286,タツノコチャンネル,2,146637,73318.5
287,WOWOW official,4,142065,35516.25
288,AMUSE CREATIVE STUDIO Animation【ACSアニメ】,2,139948,69974.0
289,ツインズひなひま,2,137345,68672.5
290,ナノ / NANO,1,121722,121722.0
291,imase,1,114802,114802.0
292,灼熱カバディ,1,114555,114555.0
293,COLOPL CHANNEL,1,114546,114546.0
294,Fairy蘭丸【公式】,2,114132,57066.0
295,QTORYチャンネル,4,114023,28505.75
296,アニメ「女神降臨」日本公式チャンネル,1,113153,113153.0
297,TVアニメ『魔術士オーフェンはぐれ旅 聖域編』公式,4,109254,27313.5
298,シーモアちゃんねる,2,102192,51096.0
299,六道の悪女たち【アニメ公式】,2,98497,49248.5
300,TVアニメ『未ル　わたしのみらい』公式,1,97979,97979.0
301,ちびゴジラ公式チャンネル Chibi Godzilla channel,1,95062,95062.0
302,アニメ小3アシベQQゴマちゃん公式チャンネル,1,94570,94570.0
303,TVアニメ『転生したらドラゴンの卵だった』公式,2,94549,47274.5
304,かくして!マキナさん!!アニメ公式チャンネル,2,92966,46483.0
305,TVアニメ『前橋ウィッチーズ』YouTube公式チャンネル,2,92646,46323.0
306,「遊☆戯☆王」アニメ公式チャンネル,2,90962,45481.0
307,こはならむ - Kohana Lam -,1,89854,89854.0
308,Neko Hacker / ネコハッカー,1,89631,89631.0
309,大平峻也,1,88932,88932.0
310,アニメ「ほっぺちゃん 」公式チャンネル,2,87773,43886.5
311,アニメ『シキザクラ』公式,2,85792,42896.0
312,白組NMD,1,84262,84262.0
313,Maajuu Official Channel,1,83421,83421.0
314,いゔどっと,1,83416,83416.0
315,アニメ『神の雫』official YouTube channel,4,82497,20624.25
316,TVアニメ『永久少年 Eternal Boys』,4,79404,19851.0
317,SMILE PRINCESS by プラオレ！,1,77081,77081.0
318,Myuk,1,74924,74924.0
319,うたごえはミルフィーユ,1,74368,74368.0
320,アニメ「シュート！ Goal to the Future」公式,2,73956,36978.0
321,AMG公式チャンネル,2,73451,36725.5
322,【公式】アース・スター エンターテイメント,2,72766,36383.0
323,ツキノ芸能プロダクション,2,71957,35978.5
324,「かくりよの宿飯」アニメ公式チャンネル,2,69441,34720.5
325,【公式】雀魂-じゃんたま-,2,69154,34577.0
326,吉澤嘉代子,1,68813,68813.0
327,アニメ「惑星のさみだれ」チャンネル,2,65505,32752.5
328,「君に届け 3RD SEASON」,6,65068,10844.666666666666
329,南條愛乃 Official YouTube Channel,1,61477,61477.0
330,リンカイ!Project 公式チャンネル,2,54112,27056.0
331,マリーカ・ベルツリー,2,53972,26986.0
332,Sizuk / 俊龍,2,53495,26747.5
333,TVアニメ「異世界でもふもふなでなでするためにがんばってます。」公式,2,53175,26587.5
334,Ayumu Imazu 今津渉,1,53159,53159.0
335,松竹チャンネル/SHOCHIKUch,2,52588,26294.0
336,dreamusic,1,46618,46618.0
337,Extreme Heartsチャンネル,1,44509,44509.0
338,アリス・ギア・アイギス 【公式】,1,43543,43543.0
339,VAP OFFICIAL MUSIC CHANNEL,1,42764,42764.0
340,『WAVE!!』公式チャンネル,1,40662,40662.0
341,ネコのクラちゃんシリーズ公式,8,38551,4818.875
342,梶原岳人,1,37847,37847.0
343,内田雄馬 OFFICIAL,1,34092,34092.0
344,【公式】ぽちゃーズ,1,33406,33406.0
345,aoen,1,33371,33371.0
346,Ayasa channel,2,32801,16400.5
347,choonemii,1,27870,27870.0
348,Manga Productions,2,26711,13355.5
349,TVアニメ「マーダーミステリー・オブ・ザ・デッド」,2,24978,12489.0
350,アニメ『こめかみっ!ガールズ』公式チャンネル,1,22420,22420.0
351,山崎エリイ/Erii 【Official Channel】,1,22128,22128.0
352,言霊少女プロジェクト【公式】,1,22015,22015.0
353,アイドールズ!公式チャンネル,2,21810,10905.0
354,おはスタチャンネル,2,21536,10768.0
355,SANTA賛多,1,21133,21133.0
356,劇団ぐんまちゃん,2,20227,10113.5
357,土岐隼一(Shunichi Toki) Official Channel ,1,19220,19220.0
358,鈴華ゆう子,1,15210,15210.0
359,TVアニメ『それだけがネック』公式,1,15012,15012.0
360,クマーバチャンネル ,1,14547,14547.0
361,アニメ『うごく!ねこむかしばなし』チャンネル,1,14512,14512.0
362,NOA,1,13457,13457.0
363,ぽかぽかイオン,1,12941,12941.0
364,Takagi San Official Music,1,12601,12601.0
365,meiyo,1,12197,12197.0
366,"鉄道チャンネルYoutube - Tetsudo(Railway) Channel, Japan-",1,9852,9852.0
367,Anime Bancho,1,8892,8892.0
368,ユーチューニャー【公式】,1,8717,8717.0
369,TAB Channel / タブ【Toei Animation Beyond】,1,8472,8472.0
370,【公式】ヴァイスシュヴァルツ&Reバースチャンネル,1,7692,7692.0
371,Newspeak Jp,1,7091,7091.0
372,BALLOONプロジェクト,1,6808,6808.0
373,LINKL PLANET公式チャンネル,1,6759,6759.0
374,アニメ『コアラ絵日記』チャンネル,1,6000,6000.0
375,比良坂　新(Hirasaka Arata),1,5706,5706.0
